,f1_score1,f1_score2,f1_score,roc_auc,recall,prec,acc,score_arr,depth,num_node,can
0,0.9548469387755102,0.9538593176926298,0.9588960294197963,0.952910052910053,0.962962962962963,0.9606451612903226,0.9548469387755102,"[[26.6, 1.0], [1.2, 20.0]]",2.2,3.4,"[0.2, 1, 2]"
1,0.9548469387755102,0.9538593176926298,0.9588960294197963,0.952910052910053,0.962962962962963,0.9606451612903226,0.9548469387755102,"[[26.6, 1.0], [1.2, 20.0]]",2.2,3.4,"[0.5, 1, 2]"
2,0.9549319727891156,0.9540898002634656,0.959456196271612,0.9532587782587782,0.9632275132275133,0.9578735632183909,0.9549319727891156,"[[26.6, 1.0], [1.2, 20.0]]",3.0,4.4,"[1, 1, 2]"
