,f1_score1,f1_score2,f1_score,roc_auc,recall,prec,acc,score_arr,depth,num_node,can
0,0.9548469387755102,0.9538593176926298,0.9588960294197963,0.952910052910053,0.962962962962963,0.9606451612903226,0.9548469387755102,"[[26.6, 1.0], [1.2, 20.0]]",1.8,3.0,"[0.05, 0.05, 1, 2]"
