,f1_score1,f1_score2,f1_score,roc_auc,recall,prec,acc,score_arr,depth,num_node,can
0,0.7230000000000001,0.6463653374845368,0.8107931775627353,0.6392857142857142,0.8485714285714285,0.776555769455794,0.723,"[[118.8, 21.2], [34.2, 25.8]]",15.6,67.2,"[1, 0.005, 0.005, 1, 2]"
1,0.736,0.6618241005438458,0.8200471017176826,0.6533333333333333,0.8600000000000001,0.7839261656970242,0.736,"[[120.4, 19.6], [33.2, 26.8]]",12.2,39.2,"[1, 0.01, 0.01, 1, 2]"
2,0.696,0.6300059479380957,0.7860249889193499,0.6285714285714286,0.7971428571428572,0.7756378102995944,0.696,"[[111.6, 28.4], [32.4, 27.6]]",13.6,88.4,"[2, 0.005, 0.005, 1, 2]"
3,0.742,0.6490349500106961,0.829409254191863,0.6395238095238095,0.8957142857142856,0.772647585233757,0.742,"[[125.4, 14.6], [37.0, 23.0]]",12.0,49.4,"[2, 0.01, 0.01, 1, 2]"
4,0.7230000000000001,0.6304197189298046,0.81511556725937,0.624047619047619,0.8714285714285716,0.7660986933597369,0.7230000000000001,"[[122.0, 18.0], [37.4, 22.6]]",11.2,73.2,"[3, 0.005, 0.005, 1, 2]"
5,0.7220000000000001,0.6027047851500733,0.8198199439730113,0.6004761904761905,0.9042857142857142,0.7506157468346161,0.7220000000000001,"[[126.6, 13.4], [42.2, 17.8]]",10.2,48.6,"[3, 0.01, 0.01, 1, 2]"
6,0.6859999999999999,0.6056171265685497,0.782286043929668,0.6042857142857143,0.8085714285714285,0.7594831008802698,0.6859999999999999,"[[113.2, 26.8], [36.0, 24.0]]",14.4,106.6,"[5, 0.005, 0.005, 1, 2]"
7,0.718,0.5676962528637148,0.8202340082468982,0.5795238095238096,0.9257142857142858,0.7397663497209159,0.718,"[[129.6, 10.4], [46.0, 14.0]]",9.2,41.6,"[5, 0.01, 0.01, 1, 2]"
8,0.7,0.6266536969163793,0.7906443108547961,0.6247619047619047,0.812857142857143,0.7719471938934711,0.7,"[[113.8, 26.2], [33.8, 26.2]]",12.4,101.0,"[7, 0.005, 0.005, 1, 2]"
9,0.724,0.5860794752753454,0.8228068418322421,0.5952380952380952,0.917142857142857,0.7497639398410743,0.724,"[[128.4, 11.6], [43.6, 16.4]]",8.8,47.8,"[7, 0.01, 0.01, 1, 2]"
10,0.6780000000000002,0.5873671083765567,0.7803808759475734,0.5852380952380953,0.8171428571428573,0.7472552143181742,0.6780000000000002,"[[114.4, 25.6], [38.8, 21.2]]",11.6,124.6,"[10, 0.005, 0.005, 1, 2]"
11,0.6990000000000001,0.5084502834992197,0.8141355386138522,0.5373809523809523,0.9414285714285713,0.7174916645605443,0.6990000000000001,"[[131.8, 8.2], [52.0, 8.0]]",8.8,45.0,"[10, 0.01, 0.01, 1, 2]"
